JUGADOR ,EQUIPO ,PRECIO,POSICION, PJ , Prom , Pts ,1,2,3,4,5,6,7,8,9,10,11,12,13,14,15,16,17,18,19
Frandino, Gabriel Oscar,Argentinos,300000,ARQ,0,0,00,0,,,,,,,,,,,,,,,,,,,
Morales, Diego,Argentinos,500000,ARQ,0,0,00,0,,,,,,,,,,,,,,,,,,,
Peric, Nicolás,Argentinos,2500000,ARQ,1,4,00,4,,,,,,4,,,,,,,,,,,,,
Torrico, Sebastián,Argentinos,4300000,ARQ,8,6,00,48,1,5,9,8,2,,9,5,9,,,,,,,,,,
Berardo, Nicolás,Argentinos,1000000,DEF,0,0,00,0,,,,,,,,,,,,,,,,,,,
Canuto, Ignacio,Argentinos,4200000,DEF,9,6,22,56,3,5,7,7,6,7,8,5,8,,,,,,,,,,
Caruzzo, Matías,Argentinos,3700000,DEF,9,7,22,65,6,5,8,7,4,6,17,4,8,,,,,,,,,,
Domínguez, Federico,Argentinos,4000000,DEF,8,6,38,51,6,6,7,7,5,7,6,,7,,,,,,,,,,
Fernández, Julián,Argentinos,1000000,DEF,0,0,00,0,,,,,,,,,,,,,,,,,,,
Franco, Daniel Alejandro,Argentinos,300000,DEF,0,0,00,0,,,,,,,,,,,,,,,,,,,
Prósperi, Gonzalo,Argentinos,2500000,DEF,8,5,50,44,3,2,,7,6,5,9,5,7,,,,,,,,,,
Sabia, Juan Alberto,Argentinos,2400000,DEF,3,5,67,17,,,5,,,,7,5,,,,,,,,,,,
Scotti, Andrés,Argentinos,4100000,DEF,7,7,29,51,6,4,,4,6,6,9,,16,,,,,,,,,,
Sola, Maximiliano,Argentinos,400000,DEF,0,0,00,0,,,,,,,,,,,,,,,,,,,
Alfonso, Facundo,Argentinos,600000,VOL,0,0,00,0,,,,,,,,,,,,,,,,,,,
Basualdo, Germán,Argentinos,1900000,VOL,0,0,00,0,,,,,,,,,,,,,,,,,,,
Bogado, Mauro,Argentinos,2000000,VOL,5,5,40,27,6,6,5,,,6,,4,,,,,,,,,,,
Lima, René,Argentinos,2800000,VOL,0,0,00,0,,,,,,,,,,,,,,,,,,,
Mercier, Juan,Argentinos,4500000,VOL,9,7,11,64,6,11,5,5,7,6,8,10,6,,,,,,,,,,
Ortigoza, Néstor,Argentinos,4800000,VOL,6,9,17,55,,,7,13,7,4,12,,12,,,,,,,,,,
Quiroga, Franco,Argentinos,2400000,VOL,1,5,00,5,,,,,,,,5,,,,,,,,,,,
Raymonda, Santiago,Argentinos,4700000,VOL,8,5,38,43,,5,5,4,6,5,6,3,9,,,,,,,,,,
Rius, Ciro,Argentinos,2400000,VOL,0,0,00,0,,,,,,,,,,,,,,,,,,,
Coria, Facundo,Argentinos,1900000,ZEL,5,5,80,29,5,,,6,6,6,6,,,,,,,,,,,,
García, Diego,Argentinos,1300000,ZEL,0,0,00,0,,,,,,,,,,,,,,,,,,,
Gianni, Nicolás,Argentinos,2300000,ZEL,3,6,00,18,10,4,4,,,,,,,,,,,,,,,,
Hauche, Gabriel,Argentinos,6100000,ZEL,9,8,56,77,9,10,3,5,7,25,7,5,6,,,,,,,,,,
Jaime, Sebastián,Argentinos,800000,ZEL,0,0,00,0,,,,,,,,,,,,,,,,,,,
Oberman, Gustavo,Argentinos,3400000,ZEL,1,4,00,4,,,,,,,,4,,,,,,,,,,,
Pavlovich, Nicolás,Argentinos,4400000,ZEL,3,4,67,14,,5,5,,,,,4,,,,,,,,,,,
Romero, Andrés,Argentinos,1900000,ZEL,0,0,00,0,,,,,,,,,,,,,,,,,,,
Rotondi, Edgardo,Argentinos,300000,ZEL,0,0,00,0,,,,,,,,,,,,,,,,,,,
Salazar, Hernán,Argentinos,400000,ZEL,0,0,00,0,,,,,,,,,,,,,,,,,,,
Sosa, Ismael,Argentinos,3000000,ZEL,9,6,78,61,6,3,6,6,20,11,2,4,3,,,,,,,,,,
Burrai, Javier Nicolás,Arsenal,300000,ARQ,0,0,00,0,,,,,,,,,,,,,,,,,,,
Campestrini, Cristian,Arsenal,5800000,ARQ,9,5,33,48,3,3,9,4,9,5,9,0,6,,,,,,,,,,
Orcellet, Catriel,Arsenal,1500000,ARQ,0,0,00,0,,,,,,,,,,,,,,,,,,,
Paulucci, Ludovico,Arsenal,300000,ARQ,0,0,00,0,,,,,,,,,,,,,,,,,,,
Brau, Mariano Sebastián,Arsenal,2000000,DEF,0,0,00,0,,,,,,,,,,,,,,,,,,,
Cuesta, Víctor,Arsenal,300000,DEF,0,0,00,0,,,,,,,,,,,,,,,,,,,
Espínola, Darío,Arsenal,2800000,DEF,4,4,50,18,,,5,,,,6,2,5,,,,,,,,,,
Matellán, Aníbal,Arsenal,4000000,DEF,8,5,13,41,3,5,8,6,8,5,,4,2,,,,,,,,,,
Nervo, Hugo,Arsenal,1800000,DEF,0,0,00,0,,,,,,,,,,,,,,,,,,,
Peppino, Franco,Arsenal,3200000,DEF,4,5,25,21,5,4,,,,7,5,,,,,,,,,,,,
Pérez, Damián,Arsenal,600000,DEF,0,0,00,0,,,,,,,,,,,,,,,,,,,
Pérez, Matías,Arsenal,2800000,DEF,5,6,20,31,5,4,,,,,4,13,5,,,,,,,,,,
Reichel, Martín,Arsenal,400000,DEF,0,0,00,0,,,,,,,,,,,,,,,,,,,
Tula, Cristian,Arsenal,3200000,DEF,8,5,38,43,5,,5,5,8,5,7,3,5,,,,,,,,,,
Aguirre, Nicolás,Arsenal,500000,VOL,0,0,00,0,,,,,,,,,,,,,,,,,,,
Alvarez, Cristian,Arsenal,3600000,VOL,9,6,78,61,4,5,5,10,14,6,6,5,6,,,,,,,,,,
Carabajal, Matías,Arsenal,2500000,VOL,0,0,00,0,,,,,,,,,,,,,,,,,,,
Corro, Alexander,Arsenal,400000,VOL,0,0,00,0,,,,,,,,,,,,,,,,,,,
Galván, Diego,Arsenal,4000000,VOL,6,4,33,26,5,4,4,5,,,4,4,,,,,,,,,,,
Marcone, Iván,Arsenal,1800000,VOL,5,5,60,28,,2,,6,3,5,,,12,,,,,,,,,,
Mosca, Claudio,Arsenal,300000,VOL,5,4,40,22,,,,,5,2,5,4,6,,,,,,,,,,
Pérez Castro, Facundo,Arsenal,3000000,VOL,8,4,25,34,3,4,2,3,7,5,5,5,,,,,,,,,,,
Poggi, Federico,Arsenal,3600000,VOL,4,4,75,19,,5,4,,5,5,,,,,,,,,,,,,
Sachetto, Nahuel,Arsenal,1000000,VOL,0,0,00,0,,,,,,,,,,,,,,,,,,,
Sena, Sergio,Arsenal,3800000,VOL,9,5,00,45,5,5,3,6,5,5,5,5,6,,,,,,,,,,
Silva, Facundo,Arsenal,600000,VOL,0,0,00,0,,,,,,,,,,,,,,,,,,,
Yacuzzi, Javier,Arsenal,4300000,VOL,8,4,00,32,5,3,6,4,5,5,4,0,,,,,,,,,,,
Benedetto, Darío,Arsenal,1800000,ZEL,1,4,00,4,,,,,,4,,,,,,,,,,,,,
Bottaro, Juan,Arsenal,1900000,ZEL,1,5,00,5,5,,,,,,,,,,,,,,,,,,
Jara, Franco,Arsenal,3800000,ZEL,9,7,11,64,6,5,3,13,6,6,13,6,6,,,,,,,,,,
López, Jonathan,Arsenal,2000000,ZEL,0,0,00,0,,,,,,,,,,,,,,,,,,,
Martínez, Mariano,Arsenal,1800000,ZEL,0,0,00,0,,,,,,,,,,,,,,,,,,,
Matos, Mauro,Arsenal,4000000,ZEL,1,5,00,5,,,,,,,,,5,,,,,,,,,,
Medina, Alexander,Arsenal,2200000,ZEL,6,3,83,23,,2,3,4,6,4,4,,,,,,,,,,,,
Sierra, Matías Javier,Arsenal,300000,ZEL,0,0,00,0,,,,,,,,,,,,,,,,,,,
Speroni, Raúl,Arsenal,700000,ZEL,0,0,00,0,,,,,,,,,,,,,,,,,,,
Villalba Fretes, Pablo,Arsenal,300000,ZEL,0,0,00,0,,,,,,,,,,,,,,,,,,,
Dei Rossi, Esteban,Atl. Tucumán,900000,ARQ,0,0,00,0,,,,,,,,,,,,,,,,,,,
Ischuk, Lucas,Atl. Tucumán,2500000,ARQ,9,4,67,42,1,3,9,9,4,3,2,6,5,,,,,,,,,,
Azconzábal, Juan Manuel,Atl. Tucumán,2800000,DEF,0,0,00,0,,,,,,,,,,,,,,,,,,,
Barone, Deivis,Atl. Tucumán,2900000,DEF,8,5,50,44,13,4,8,8,-1,,4,6,2,,,,,,,,,,
Bressán, Andrés,Atl. Tucumán,2500000,DEF,2,4,50,9,5,,,,,4,,,,,,,,,,,,,
Desvaux, Héctor,Atl. Tucumán,3900000,DEF,0,0,00,0,,,,,,,,,,,,,,,,,,,
Herrera, Rodrigo,Atl. Tucumán,400000,DEF,1,4,00,4,4,,,,,,,,,,,,,,,,,,
Páez, Javier,Atl. Tucumán,2800000,DEF,9,5,44,49,3,3,9,8,2,4,4,11,5,,,,,,,,,,
Saavedra, Raúl,Atl. Tucumán,3900000,DEF,2,5,00,10,,,,,,,,3,7,,,,,,,,,,
Villavicencio, Matías,Atl. Tucumán,3300000,DEF,9,4,67,42,4,3,8,8,2,5,4,3,5,,,,,,,,,,
Blanes, Jonathan,Atl. Tucumán,2600000,VOL,0,0,00,0,,,,,,,,,,,,,,,,,,,
Drocco, David,Atl. Tucumán,800000,VOL,5,5,20,26,,,6,,5,,5,4,6,,,,,,,,,,
Erroz, Diego,Atl. Tucumán,2300000,VOL,7,4,86,34,4,5,7,4,2,7,5,,,,,,,,,,,,
Escobar, Matías,Atl. Tucumán,3200000,VOL,2,4,50,9,,4,,,,,,,5,,,,,,,,,,
García, Matías,Atl. Tucumán,2000000,VOL,1,4,00,4,,,,,,,,,4,,,,,,,,,,
González, Claudio,Atl. Tucumán,300000,VOL,0,0,00,0,,,,,,,,,,,,,,,,,,,
Granero, Martín,Atl. Tucumán,2300000,VOL,3,5,33,16,5,,,,,,,5,6,,,,,,,,,,
Longo, Sebastián,Atl. Tucumán,2200000,VOL,8,5,25,42,5,6,7,5,6,4,4,5,,,,,,,,,,,
Montiglio, César,Atl. Tucumán,2100000,VOL,7,5,29,37,6,,,6,6,6,5,3,5,,,,,,,,,,
Musto, Damián,Atl. Tucumán,2300000,VOL,8,4,38,35,3,3,4,6,6,6,2,5,,,,,,,,,,,
Saavedra, José,Atl. Tucumán,400000,VOL,0,0,00,0,,,,,,,,,,,,,,,,,,,
Sarría, Claudio,Atl. Tucumán,3200000,VOL,4,5,00,20,,4,7,5,4,,,,,,,,,,,,,,
Calandria, Pablo,Atl. Tucumán,3500000,ZEL,0,0,00,0,,,,,,,,,,,,,,,,,,,
Escobar, Fabio,Atl. Tucumán,2300000,ZEL,5,9,20,46,,,,11,6,20,4,,5,,,,,,,,,,
Gigliotti, Emanuel,Atl. Tucumán,1800000,ZEL,0,0,00,0,,,,,,,,,,,,,,,,,,,
Pereyra, Juan,Atl. Tucumán,2100000,ZEL,9,7,44,67,5,3,16,17,5,7,5,6,3,,,,,,,,,,
Rodríguez, Luis,Atl. Tucumán,3800000,ZEL,9,7,89,71,6,11,6,8,10,6,5,10,9,,,,,,,,,,
Bologna, Enrique,Banfield,1800000,ARQ,0,0,00,0,,,,,,,,,,,,,,,,,,,
López, Sebastián,Banfield,300000,ARQ,0,0,00,0,,,,,,,,,,,,,,,,,,,
Lucchetti, Cristian,Banfield,7000000,ARQ,9,7,11,64,9,5,9,5,14,4,10,4,4,,,,,,,,,,
Barraza, Julio,Banfield,2400000,DEF,8,5,00,40,8,4,8,3,4,3,8,2,,,,,,,,,,,
Broggi, Ariel,Banfield,2300000,DEF,0,0,00,0,,,,,,,,,,,,,,,,,,,
Bustamante, Marcelo,Banfield,3000000,DEF,9,5,44,49,7,2,8,5,5,5,7,5,5,,,,,,,,,,
Devaca, José,Banfield,2700000,DEF,0,0,00,0,,,,,,,,,,,,,,,,,,,
Dos Santos, Mauro,Banfield,800000,DEF,0,0,00,0,,,,,,,,,,,,,,,,,,,
Galarza, Marcos,Banfield,1500000,DEF,0,0,00,0,,,,,,,,,,,,,,,,,,,
Ladino, Santiago,Banfield,3000000,DEF,1,5,00,5,,,,,,,,,5,,,,,,,,,,
López, Víctor,Banfield,5300000,DEF,9,6,22,56,8,5,8,4,7,5,8,5,6,,,,,,,,,,
Méndez, Sebastián,Banfield,3500000,DEF,9,6,00,54,8,3,8,4,8,6,7,5,5,,,,,,,,,,
Robledo, Gonzalo,Banfield,500000,DEF,0,0,00,0,,,,,,,,,,,,,,,,,,,
Segovia, Favio,Banfield,300000,DEF,0,0,00,0,,,,,,,,,,,,,,,,,,,
Vergara, Pablo,Banfield,600000,DEF,1,7,00,7,,,,,,,,7,,,,,,,,,,,
Battión, Roberto,Banfield,4300000,VOL,3,5,33,16,,,6,,5,,,,5,,,,,,,,,,
Bilos, Daniel,Banfield,4800000,VOL,0,0,00,0,,,,,,,,,,,,,,,,,,,
Bustos, Maximiliano,Banfield,3900000,VOL,9,4,67,42,5,6,5,5,4,5,3,5,4,,,,,,,,,,
Erviti, Walter,Banfield,5800000,VOL,9,6,00,54,6,6,5,8,6,7,6,4,6,,,,,,,,,,
Galeano, Diego,Banfield,500000,VOL,0,0,00,0,,,,,,,,,,,,,,,,,,,
Gómez, Gustavo,Banfield,900000,VOL,0,0,00,0,,,,,,,,,,,,,,,,,,,
Laso, Maximiliano,Banfield,1700000,VOL,1,5,00,5,,,5,,,,,,,,,,,,,,,,
Marchant, Julio,Banfield,3100000,VOL,3,4,00,12,,,,,,3,,4,5,,,,,,,,,,
Pío, Emmanuel,Banfield,3000000,VOL,0,0,00,0,,,,,,,,,,,,,,,,,,,
Quinteros, Marcelo,Banfield,3500000,VOL,9,5,11,46,7,6,4,6,5,5,3,5,5,,,,,,,,,,
Rodríguez, James,Banfield,2400000,VOL,9,6,78,61,6,6,5,6,4,18,5,5,6,,,,,,,,,,
Santana, Fabián,Banfield,1500000,VOL,0,0,00,0,,,,,,,,,,,,,,,,,,,
Sarla, Federico,Banfield,700000,VOL,0,0,00,0,,,,,,,,,,,,,,,,,,,
Di Vanni, Guido,Banfield,400000,ZEL,0,0,00,0,,,,,,,,,,,,,,,,,,,
Fernández, Sebastián,Banfield,5900000,ZEL,7,7,86,55,11,6,,7,6,5,5,,15,,,,,,,,,,
Ferreyra, Facundo,Banfield,800000,ZEL,0,0,00,0,,,,,,,,,,,,,,,,,,,
García, Cristian,Banfield,1900000,ZEL,2,5,00,10,,,,,,,5,5,,,,,,,,,,,
Salmerón, Luis,Banfield,2800000,ZEL,1,5,00,5,,,,,,,,5,,,,,,,,,,,
Silva, Santiago,Banfield,6500000,ZEL,8,9,75,78,16,11,14,20,4,5,,9,-1,,,,,,,,,,
Abbondanzieri, Roberto,Boca,6500000,ARQ,9,3,44,31,3,5,3,3,1,2,4,3,7,,,,,,,,,,
Ayala, Josué,Boca,1000000,ARQ,0,0,00,0,,,,,,,,,,,,,,,,,,,
García, Javier,Boca,2000000,ARQ,0,0,00,0,,,,,,,,,,,,,,,,,,,
Aguirre, Leandro,Boca,400000,DEF,0,0,00,0,,,,,,,,,,,,,,,,,,,
Alfonso, Omar,Boca,300000,DEF,0,0,00,0,,,,,,,,,,,,,,,,,,,
Bonilla, Breyner,Boca,800000,DEF,0,0,00,0,,,,,,,,,,,,,,,,,,,
Cáceres, Julio César,Boca,5500000,DEF,6,6,33,38,4,20,,4,3,3,,,4,,,,,,,,,,
Calvo, José María,Boca,2400000,DEF,0,0,00,0,,,,,,,,,,,,,,,,,,,
Gunino, Adrián,Boca,1800000,DEF,1,4,00,4,,,4,,,,,,,,,,,,,,,,
Ibarra, Hugo,Boca,6000000,DEF,8,4,00,32,4,4,7,,3,1,4,3,6,,,,,,,,,,
Krupoviesa, Juan,Boca,3000000,DEF,1,5,00,5,,,,,,,,5,,,,,,,,,,,
Monzón, Luciano,Boca,3900000,DEF,6,4,67,28,,8,2,4,,3,6,,5,,,,,,,,,,
Morel Rodríguez, Claudio,Boca,6000000,DEF,3,4,33,13,4,5,,,4,,,,,,,,,,,,,,
Muñoz, Ezequiel,Boca,1200000,DEF,0,0,00,0,,,,,,,,,,,,,,,,,,,
Paletta, Gabriel,Boca,4000000,DEF,9,3,89,35,2,4,4,4,6,1,5,5,4,,,,,,,,,,
Ruiz, Enzo Adrián,Boca,300000,DEF,0,0,00,0,,,,,,,,,,,,,,,,,,,
Sauro, Gastón,Boca,1200000,DEF,4,4,50,18,,,5,4,,,5,4,,,,,,,,,,,
Battaglia, S. Alberto,Boca,600000,VOL,0,0,00,0,,,,,,,,,,,,,,,,,,,
Battaglia, Sebastián,Boca,8000000,VOL,7,7,43,52,6,5,,,10,3,13,7,8,,,,,,,,,,
Benavídez, Exequiel,Boca,1000000,VOL,0,0,00,0,,,,,,,,,,,,,,,,,,,
Chávez, Cristian,Boca,4200000,VOL,2,5,00,10,,,,4,,,,6,,,,,,,,,,,
Colazo, Nicolás,Boca,500000,VOL,0,0,00,0,,,,,,,,,,,,,,,,,,,
Erbes, Cristian,Boca,300000,VOL,0,0,00,0,,,,,,,,,,,,,,,,,,,
Gaitán, Nicolás,Boca,3800000,VOL,5,7,80,39,4,,,,,2,4,7,22,,,,,,,,,,
Insúa, Federico,Boca,8000000,VOL,8,4,75,38,5,6,5,4,5,4,3,,6,,,,,,,,,,
Marino, Guillermo,Boca,4000000,VOL,6,6,33,38,22,4,4,2,3,3,,,,,,,,,,,,,
Medel, Gary,Boca,5600000,VOL,5,4,00,20,5,2,,4,6,3,,,,,,,,,,,,,
Riquelme, Juan Román,Boca,11500000,VOL,6,8,67,52,,,5,5,5,,17,13,7,,,,,,,,,,
Rosada, Ariel,Boca,4000000,VOL,8,4,50,36,5,3,5,2,,4,5,6,6,,,,,,,,,,
Vidal, Sebastián,Boca,300000,VOL,0,0,00,0,,,,,,,,,,,,,,,,,,,
Mouche, Pablo,Boca,4900000,ZEL,3,5,67,17,6,6,5,,,,,,,,,,,,,,,,
Noir, Ricardo,Boca,3800000,ZEL,1,6,00,6,,,,,6,,,,,,,,,,,,,,
Palermo, Martín,Boca,13200000,ZEL,7,6,57,46,4,11,,2,4,10,9,,6,,,,,,,,,,
Philippe, Jonathan,Boca,600000,ZEL,0,0,00,0,,,,,,,,,,,,,,,,,,,
Viatri, Lucas,Boca,4000000,ZEL,3,10,00,30,,,10,4,,,,16,,,,,,,,,,,
Cejas, Sebastián,Chacarita,3500000,ARQ,1,5,00,5,,,,,,,,,5,,,,,,,,,,
Fernández, Pedro,Chacarita,400000,ARQ,0,0,00,0,,,,,,,,,,,,,,,,,,,
Tauber, Nicolás,Chacarita,4200000,ARQ,8,3,25,26,3,1,4,4,2,9,2,1,,,,,,,,,,,
Coria, Franco,Chacarita,600000,DEF,0,0,00,0,,,,,,,,,,,,,,,,,,,
Crosa, Diego,Chacarita,3800000,DEF,7,5,14,36,,,5,5,4,8,4,4,6,,,,,,,,,,
Crosa, Fernando,Chacarita,3500000,DEF,0,0,00,0,,,,,,,,,,,,,,,,,,,
Echeverría, Mariano,Chacarita,2300000,DEF,3,4,00,12,5,4,,,,,,,3,,,,,,,,,,
Fontana, Fernando,Chacarita,1800000,DEF,3,3,67,11,,5,3,3,,,,,,,,,,,,,,,
Grabinski, Cristian,Chacarita,3900000,DEF,9,5,56,50,5,3,6,5,10,8,4,3,6,,,,,,,,,,
Gutiérrez, Cristian,Chacarita,800000,DEF,0,0,00,0,,,,,,,,,,,,,,,,,,,
López, Lisandro,Chacarita,400000,DEF,2,5,50,11,5,6,,,,,,,,,,,,,,,,,
Miranda, Franco,Chacarita,1800000,DEF,0,0,00,0,,,,,,,,,,,,,,,,,,,
Núñez, Jorge,Chacarita,3000000,DEF,7,3,71,26,,,5,4,4,5,3,3,2,,,,,,,,,,
Rosso, Federico,Chacarita,500000,DEF,0,0,00,0,,,,,,,,,,,,,,,,,,,
Centurión, Emanuel,Chacarita,3000000,VOL,8,5,25,42,5,7,5,,4,7,5,5,4,,,,,,,,,,
Frezzotti, Alejandro,Chacarita,2500000,VOL,4,4,50,18,3,,,,5,,,4,6,,,,,,,,,,
Gómez, José Luis,Chacarita,1400000,VOL,1,5,00,5,,,,,,5,,,,,,,,,,,,,
Iñíguez, Federico,Chacarita,1500000,VOL,0,0,00,0,,,,,,,,,,,,,,,,,,,
Myma, Jorge,Chacarita,600000,VOL,0,0,00,0,,,,,,,,,,,,,,,,,,,
Pereira, Daniel,Chacarita,2800000,VOL,5,4,60,23,9,3,4,3,4,,,,,,,,,,,,,,
Pisano, Matías,Chacarita,500000,VOL,0,0,00,0,,,,,,,,,,,,,,,,,,,
Ponce, Daniel,Chacarita,1300000,VOL,2,5,00,10,,,,,,,,5,5,,,,,,,,,,
Ramírez, Nicolás,Chacarita,2500000,VOL,6,5,17,31,5,,,5,5,6,5,5,,,,,,,,,,,
Sciorilli, Sebastián,Chacarita,4400000,VOL,4,4,25,17,4,5,,,,6,2,,,,,,,,,,,,
Vismara, Federico,Chacarita,3000000,VOL,6,4,33,26,,8,2,5,,4,2,5,,,,,,,,,,,
Zarif, Omar,Chacarita,3000000,VOL,8,6,25,50,5,6,5,,5,11,5,5,8,,,,,,,,,,
Alustiza, Matías,Chacarita,3900000,ZEL,8,6,88,55,5,16,,6,6,6,2,2,12,,,,,,,,,,
Aróstegui, Juan Manuel,Chacarita,2600000,ZEL,2,4,00,8,4,,,,,4,,,,,,,,,,,,,
Cano, Germán,Chacarita,1400000,ZEL,5,3,40,17,,,2,,5,,2,5,3,,,,,,,,,,
Churín, Diego,Chacarita,1500000,ZEL,0,0,00,0,,,,,,,,,,,,,,,,,,,
Giordano, Daniel,Chacarita,300000,ZEL,0,0,00,0,,,,,,,,,,,,,,,,,,,
Milla, Cristian,Chacarita,2900000,ZEL,6,4,50,27,4,,5,5,5,,5,3,,,,,,,,,,,
Morales, Diego,Chacarita,800000,ZEL,5,4,40,22,,,5,4,4,,,4,5,,,,,,,,,,
Parra, Facundo,Chacarita,3600000,ZEL,6,6,67,40,5,10,5,4,,11,,,5,,,,,,,,,,
Strappini, Emiliano,Chacarita,1000000,ZEL,0,0,00,0,,,,,,,,,,,,,,,,,,,
Torres, Diego,Chacarita,500000,ZEL,0,0,00,0,,,,,,,,,,,,,,,,,,,
Díaz, Marcos,Colón,500000,ARQ,1,4,00,4,,,,,,,,4,,,,,,,,,,,
Gorosito, Iván,Colón,300000,ARQ,0,0,00,0,,,,,,,,,,,,,,,,,,,
Pozo, Diego,Colón,5800000,ARQ,8,7,63,61,3,5,5,9,5,9,14,,11,,,,,,,,,,
Caire, Maximiliano,Colón,1500000,DEF,1,4,00,4,4,,,,,,,,,,,,,,,,,,
Candia, Salustiano,Colón,2500000,DEF,3,6,67,20,,,6,,,,8,6,,,,,,,,,,,
De Miranda, Pablo,Colón,1400000,DEF,0,0,00,0,,,,,,,,,,,,,,,,,,,
Ferrero, Alexis,Colón,4700000,DEF,9,5,67,51,6,3,5,7,5,8,6,6,5,,,,,,,,,,
Garcé, Ariel,Colón,4000000,DEF,9,6,44,58,5,5,6,5,6,6,8,7,10,,,,,,,,,,
García, Federico,Colón,1300000,DEF,0,0,00,0,,,,,,,,,,,,,,,,,,,
Gaydou, Gonzalo,Colón,300000,DEF,0,0,00,0,,,,,,,,,,,,,,,,,,,
Goux, Marcelo,Colón,4100000,DEF,7,5,57,39,5,6,5,7,4,7,,,5,,,,,,,,,,
Mansilla, Mauricio,Colón,1000000,DEF,0,0,00,0,,,,,,,,,,,,,,,,,,,
Merlo, Omar,Colón,1800000,DEF,0,0,00,0,,,,,,,,,,,,,,,,,,,
Quilez, Ismael,Colón,500000,DEF,6,5,83,35,,,4,,5,6,8,5,7,,,,,,,,,,
Rivarola, Germán,Colón,4700000,DEF,9,8,11,73,5,6,6,5,19,9,7,10,6,,,,,,,,,,
Acosta, Lucas,Colón,3500000,VOL,1,5,00,5,,,,,,,5,,,,,,,,,,,,
Barinaga, Cristian,Colón,1800000,VOL,0,0,00,0,,,,,,,,,,,,,,,,,,,
Bellone, Mauro,Colón,500000,VOL,0,0,00,0,,,,,,,,,,,,,,,,,,,
Bertoglio, Facundo,Colón,2800000,VOL,9,7,33,66,5,6,8,5,3,12,5,17,5,,,,,,,,,,
Capurro, Alejandro,Colón,4000000,VOL,9,5,11,46,5,3,4,6,5,7,6,4,6,,,,,,,,,,
Gómez, Ricardo,Colón,3600000,VOL,9,5,22,47,5,6,8,3,5,5,5,6,4,,,,,,,,,,
Pellerano, Cristian,Colón,4200000,VOL,5,5,00,25,,,,6,4,5,,5,5,,,,,,,,,,
Ramírez, Alfredo,Colón,3000000,VOL,7,6,43,45,3,5,12,4,5,,,11,5,,,,,,,,,,
Sánchez, Facundo,Colón,700000,VOL,0,0,00,0,,,,,,,,,,,,,,,,,,,
Soto, Santiago,Colón,300000,VOL,0,0,00,0,,,,,,,,,,,,,,,,,,,
Torres, Nicolás,Colón,2500000,VOL,1,5,00,5,,,,,,,,,5,,,,,,,,,,
Bauman, Jonatan Jesús,Colón,300000,ZEL,1,2,00,2,,,,,,,,,2,,,,,,,,,,
Canario, Rodrigo,Colón,400000,ZEL,0,0,00,0,,,,,,,,,,,,,,,,,,,
Castillo, Fabián,Colón,1900000,ZEL,4,4,75,19,5,4,,,,6,4,,,,,,,,,,,,
Fuertes, Esteban,Colón,11400000,ZEL,4,9,75,39,,3,22,4,10,,,,,,,,,,,,,,
Lucero, Juan Manuel,Colón,3000000,ZEL,1,4,00,4,4,,,,,,,,,,,,,,,,,,
Mena, Daley,Colón,3500000,ZEL,0,0,00,0,,,,,,,,,,,,,,,,,,,
Nieto, Federico,Colón,4200000,ZEL,9,7,11,64,5,9,11,4,10,11,5,5,4,,,,,,,,,,
Quinteros, Luis,Colón,2600000,ZEL,0,0,00,0,,,,,,,,,,,,,,,,,,,
Albil, Damián,Estudiantes,4000000,ARQ,7,6,71,47,15,8,2,5,5,5,,,7,,,,,,,,,,
Armani, Diego,Estudiantes,1000000,ARQ,0,0,00,0,,,,,,,,,,,,,,,,,,,
Fernández, Roberto,Estudiantes,3400000,ARQ,0,0,00,0,,,,,,,,,,,,,,,,,,,
Silva, Agustín,Estudiantes,300000,ARQ,0,0,00,0,,,,,,,,,,,,,,,,,,,
Taborda, César,Estudiantes,2000000,ARQ,2,4,50,9,,,,,,,5,4,,,,,,,,,,,
Alayes, Agustín,Estudiantes,4800000,DEF,0,0,00,0,,,,,,,,,,,,,,,,,,,
Angeleri, Marcos,Estudiantes,5200000,DEF,0,0,00,0,,,,,,,,,,,,,,,,,,,
Cellay, Christian,Estudiantes,4800000,DEF,2,13,00,26,17,9,,,,,,,,,,,,,,,,,
Desábato, Leandro,Estudiantes,4900000,DEF,9,5,67,51,7,9,6,6,5,5,3,5,5,,,,,,,,,,
Díaz, Juan Manuel,Estudiantes,2000000,DEF,8,6,88,55,8,8,3,15,6,6,2,7,,,,,,,,,,,
Fernández, Federico,Estudiantes,1800000,DEF,3,6,67,20,7,,6,,,,7,,,,,,,,,,,,
Gaitán, Cristian,Estudiantes,900000,DEF,0,0,00,0,,,,,,,,,,,,,,,,,,,
Iberbia, Raúl,Estudiantes,1700000,DEF,0,0,00,0,,,,,,,,,,,,,,,,,,,
Ré, Germán,Estudiantes,4200000,DEF,6,5,83,35,,,,6,7,6,5,5,6,,,,,,,,,,
Rodríguez, Clemente,Estudiantes,5300000,DEF,8,5,88,47,,9,3,7,7,5,5,6,5,,,,,,,,,,
Rojo, Marcos,Estudiantes,1000000,DEF,2,5,50,11,,,,,,,,5,6,,,,,,,,,,
Sarulyte, Matías,Estudiantes,900000,DEF,0,0,00,0,,,,,,,,,,,,,,,,,,,
Benítez, Leandro,Estudiantes,4800000,VOL,9,7,44,67,7,6,11,5,4,7,4,11,12,,,,,,,,,,
Birge, Matías,Estudiantes,800000,VOL,0,0,00,0,,,,,,,,,,,,,,,,,,,
Braña, Rodrigo,Estudiantes,5500000,VOL,7,5,00,35,5,6,,6,4,7,3,,4,,,,,,,,,,
Carrusca, Marcelo,Estudiantes,5000000,VOL,5,6,00,30,,,5,6,5,,,11,3,,,,,,,,,,
González, Edgar,Estudiantes,2700000,VOL,0,0,00,0,,,,,,,,,,,,,,,,,,,
González, Leandro,Estudiantes,3500000,VOL,0,0,00,0,,,,,,,,,,,,,,,,,,,
Núñez, Maximiliano,Estudiantes,1500000,VOL,1,6,00,6,,,,,,,,6,,,,,,,,,,,
Pérez, Enzo,Estudiantes,5600000,VOL,8,8,13,65,5,11,4,7,15,17,3,,3,,,,,,,,,,
Sánchez, Matías,Estudiantes,3800000,VOL,3,4,67,14,,4,6,,,,,4,,,,,,,,,,,
Verón, Juan Sebastián,Estudiantes,14000000,VOL,6,7,00,42,7,6,,12,,8,3,,6,,,,,,,,,,
Boselli, Mauro,Estudiantes,10500000,ZEL,8,8,25,66,10,10,10,11,11,,4,5,5,,,,,,,,,,
Calderón, José Luis,Estudiantes,5300000,ZEL,1,8,00,8,,,,,,8,,,,,,,,,,,,,
Galeana, Milton,Estudiantes,1300000,ZEL,0,0,00,0,,,,,,,,,,,,,,,,,,,
Morales Neumann, J.,Estudiantes,2000000,ZEL,0,0,00,0,,,,,,,,,,,,,,,,,,,
Salgueiro, Juan Manuel,Estudiantes,4800000,ZEL,9,6,89,62,5,17,5,6,11,4,3,5,6,,,,,,,,,,
Angelini, Andrés,Gimnasia LP,300000,ARQ,0,0,00,0,,,,,,,,,,,,,,,,,,,
Bangardino, Pablo,Gimnasia LP,1300000,ARQ,0,0,00,0,,,,,,,,,,,,,,,,,,,
Bonnin, Yair,Gimnasia LP,300000,ARQ,0,0,00,0,,,,,,,,,,,,,,,,,,,
Monetti, Fernando,Gimnasia LP,300000,ARQ,0,0,00,0,,,,,,,,,,,,,,,,,,,
Sessa, Gastón,Gimnasia LP,5500000,ARQ,9,5,00,45,4,0,7,5,10,3,9,5,2,,,,,,,,,,
Agüero, Ariel,Gimnasia LP,4000000,DEF,9,5,00,45,4,5,6,5,7,5,5,5,3,,,,,,,,,,
Albornoz, Raúl Alberto,Gimnasia LP,300000,DEF,0,0,00,0,,,,,,,,,,,,,,,,,,,
Cardozo, Marcelo,Gimnasia LP,3200000,DEF,7,4,57,32,4,4,5,4,5,,,5,5,,,,,,,,,,
Iriarte, Hugo,Gimnasia LP,1900000,DEF,0,0,00,0,,,,,,,,,,,,,,,,,,,
Juárez, Miguel Angel,Gimnasia LP,300000,DEF,0,0,00,0,,,,,,,,,,,,,,,,,,,
Landa, Lucas,Gimnasia LP,1500000,DEF,1,14,00,14,,,,,,,14,,,,,,,,,,,,
Maldonado, Rubén,Gimnasia LP,3700000,DEF,9,4,11,37,1,3,3,3,7,4,9,6,1,,,,,,,,,,
Ormeño, Alvaro,Gimnasia LP,3800000,DEF,7,6,29,44,,0,,2,8,15,8,6,5,,,,,,,,,,
Piarrou, Cristian,Gimnasia LP,1800000,DEF,0,0,00,0,,,,,,,,,,,,,,,,,,,
Quiroga, Federico,Gimnasia LP,300000,DEF,0,0,00,0,,,,,,,,,,,,,,,,,,,
Aued, Luciano,Gimnasia LP,2500000,VOL,9,5,44,49,5,4,4,5,5,6,5,11,4,,,,,,,,,,
Casco, Milton,Gimnasia LP,400000,VOL,3,5,33,16,5,,6,,,,,5,,,,,,,,,,,
Castro, Lucas,Gimnasia LP,400000,VOL,6,6,50,39,5,,,,6,6,5,11,6,,,,,,,,,,
De Blasis, Pablo,Gimnasia LP,700000,VOL,0,0,00,0,,,,,,,,,,,,,,,,,,,
Espinoza, Nery,Gimnasia LP,300000,VOL,0,0,00,0,,,,,,,,,,,,,,,,,,,
González, Esteban,Gimnasia LP,3800000,VOL,6,7,00,42,,4,5,4,17,6,6,,,,,,,,,,,,
Messera, Mariano,Gimnasia LP,3400000,VOL,4,4,50,18,2,4,6,6,,,,,,,,,,,,,,,
Miloc, Dardo,Gimnasia LP,400000,VOL,0,0,00,0,,,,,,,,,,,,,,,,,,,
Rinaudo, Fabián,Gimnasia LP,4600000,VOL,9,5,11,46,4,5,3,6,5,6,12,4,1,,,,,,,,,,
Roldán, Alfredo Israel,Gimnasia LP,300000,VOL,0,0,00,0,,,,,,,,,,,,,,,,,,,
Romero, Sebastián,Gimnasia LP,6600000,VOL,9,4,67,42,4,2,5,9,5,5,5,3,4,,,,,,,,,,
Villar, Diego,Gimnasia LP,3500000,VOL,0,0,00,0,,,,,,,,,,,,,,,,,,,
Cuevas, Juan,Gimnasia LP,5200000,ZEL,8,6,25,50,5,1,7,,6,11,11,5,4,,,,,,,,,,
Ereros, Sebastián,Gimnasia LP,2200000,ZEL,0,0,00,0,,,,,,,,,,,,,,,,,,,
Martinena, Néstor,Gimnasia LP,1800000,ZEL,1,5,00,5,,,,,,5,,,,,,,,,,,,,
Neira, Juan,Gimnasia LP,1200000,ZEL,1,5,00,5,5,,,,,,,,,,,,,,,,,,
Pérez, Marco,Gimnasia LP,2500000,ZEL,1,5,00,5,,,5,,,,,,,,,,,,,,,,
Sosa, Roberto,Gimnasia LP,3500000,ZEL,0,0,00,0,,,,,,,,,,,,,,,,,,,
Stracqualursi, Denis,Gimnasia LP,1500000,ZEL,7,5,00,35,,,5,5,7,5,6,5,2,,,,,,,,,,
Vizcarra, José,Gimnasia LP,4600000,ZEL,7,5,29,37,4,3,5,4,9,4,,,8,,,,,,,,,,
Aracena, Cristian,Godoy Cruz,300000,ARQ,0,0,00,0,,,,,,,,,,,,,,,,,,,
Ibáñez, Nelson,Godoy Cruz,4400000,ARQ,9,4,22,38,10,4,3,5,1,1,5,4,5,,,,,,,,,,
Ramírez, José,Godoy Cruz,2000000,ARQ,0,0,00,0,,,,,,,,,,,,,,,,,,,
Cuevas, Cristian,Godoy Cruz,500000,DEF,0,0,00,0,,,,,,,,,,,,,,,,,,,
Curbelo, Jorge,Godoy Cruz,2900000,DEF,8,4,63,37,8,4,1,6,4,5,,6,3,,,,,,,,,,
Dutari, Francisco,Godoy Cruz,3600000,DEF,3,5,33,16,7,,4,,,,5,,,,,,,,,,,,
Formica, Lautaro,Godoy Cruz,3800000,DEF,9,5,11,46,7,6,4,6,5,5,6,3,4,,,,,,,,,,
García, Zelmar,Godoy Cruz,800000,DEF,0,0,00,0,,,,,,,,,,,,,,,,,,,
Lobos, Luis,Godoy Cruz,900000,DEF,0,0,00,0,,,,,,,,,,,,,,,,,,,
Marital, Juan,Godoy Cruz,300000,DEF,0,0,00,0,,,,,,,,,,,,,,,,,,,
Martínez, Sebastián,Godoy Cruz,3500000,DEF,0,0,00,0,,,,,,,,,,,,,,,,,,,
Mena, César,Godoy Cruz,700000,DEF,0,0,00,0,,,,,,,,,,,,,,,,,,,
Santander, Paolo,Godoy Cruz,300000,DEF,0,0,00,0,,,,,,,,,,,,,,,,,,,
Sigali, Leonardo,Godoy Cruz,3400000,DEF,7,5,00,35,,1,,5,4,14,6,2,3,,,,,,,,,,
Triviño, Nicolás,Godoy Cruz,300000,DEF,0,0,00,0,,,,,,,,,,,,,,,,,,,
Trotta, Diego,Godoy Cruz,2000000,DEF,0,0,00,0,,,,,,,,,,,,,,,,,,,
Vallés, Gabriel,Godoy Cruz,2700000,DEF,9,5,11,46,7,4,5,5,6,6,5,3,5,,,,,,,,,,
Del Castillo, Cristian,Godoy Cruz,400000,DEF,0,0,00,0,,,,,,,,,,,,,,,,,,,
Aguirre, Martín,Godoy Cruz,2500000,VOL,3,4,33,13,,,,,,6,3,4,,,,,,,,,,,
Bailo, Facundo,Godoy Cruz,400000,VOL,0,0,00,0,,,,,,,,,,,,,,,,,,,
Camargo, Alejandro,Godoy Cruz,300000,VOL,0,0,00,0,,,,,,,,,,,,,,,,,,,
Conejero, Marcio,Godoy Cruz,400000,VOL,0,0,00,0,,,,,,,,,,,,,,,,,,,
Garín, Ernesto,Godoy Cruz,900000,VOL,0,0,00,0,,,,,,,,,,,,,,,,,,,
Martín, Paul,Godoy Cruz,300000,VOL,0,0,00,0,,,,,,,,,,,,,,,,,,,
Olmedo, Nicolás,Godoy Cruz,3300000,VOL,9,6,67,60,11,11,6,4,7,4,6,5,6,,,,,,,,,,
Rojas, Ariel,Godoy Cruz,2700000,VOL,9,5,67,51,5,6,3,12,5,4,4,6,6,,,,,,,,,,
Salomón, Sebastián,Godoy Cruz,4000000,VOL,7,5,14,36,4,5,5,6,6,5,5,,,,,,,,,,,,
Sánchez, Sergio,Godoy Cruz,500000,VOL,0,0,00,0,,,,,,,,,,,,,,,,,,,
Torres, Leandro,Godoy Cruz,3000000,VOL,8,5,88,47,,6,3,6,6,6,5,9,6,,,,,,,,,,
Valencia, Carlos,Godoy Cruz,900000,VOL,0,0,00,0,,,,,,,,,,,,,,,,,,,
Villegas, Federico,Godoy Cruz,400000,VOL,0,0,00,0,,,,,,,,,,,,,,,,,,,
Alaniz, Maximiliano,Godoy Cruz,500000,ZEL,0,0,00,0,,,,,,,,,,,,,,,,,,,
Chávez, Cristian,Godoy Cruz,3100000,ZEL,4,7,50,30,,,,,13,5,,6,6,,,,,,,,,,
Escudero, Adrián,Godoy Cruz,300000,ZEL,0,0,00,0,,,,,,,,,,,,,,,,,,,
Higuaín, Federico,Godoy Cruz,4300000,ZEL,7,7,14,50,11,7,4,5,9,5,,,9,,,,,,,,,,
Jara, Matías,Godoy Cruz,900000,ZEL,9,6,00,54,9,6,5,6,10,5,4,4,5,,,,,,,,,,
Salinas, Rodrigo,Godoy Cruz,1000000,ZEL,0,0,00,0,,,,,,,,,,,,,,,,,,,
Vega, Daniel,Godoy Cruz,4000000,ZEL,8,5,50,44,5,9,2,5,5,10,4,4,,,,,,,,,,,
Vera, Jesús,Godoy Cruz,800000,ZEL,2,4,50,9,,,,,,,-1,,10,,,,,,,,,,
Calviño, Lucas,Huracán,400000,ARQ,0,0,00,0,,,,,,,,,,,,,,,,,,,
Monzón, Gastón,Huracán,4500000,ARQ,9,5,33,48,3,5,5,5,1,3,11,3,12,,,,,,,,,,
Rudniesky, Gastón,Huracán,300000,ARQ,0,0,00,0,,,,,,,,,,,,,,,,,,,
Rudniesky, Gastón,Huracán,300000,ARQ,0,0,00,0,,,,,,,,,,,,,,,,,,,
Vallejos, César,Huracán,300000,ARQ,0,0,00,0,,,,,,,,,,,,,,,,,,,
Cura, Kevin,Huracán,1200000,DEF,1,4,00,4,4,,,,,,,,,,,,,,,,,,
Domínguez, Eduardo,Huracán,4200000,DEF,5,5,20,26,,,,,4,3,7,5,7,,,,,,,,,,
Fernández, Cristian,Huracán,300000,DEF,0,0,00,0,,,,,,,,,,,,,,,,,,,
Filipetto, Ezequiel,Huracán,900000,DEF,8,5,00,40,2,4,4,6,4,2,13,5,,,,,,,,,,,
García, Gonzalo,Huracán,1900000,DEF,7,4,57,32,5,5,2,5,4,,5,6,,,,,,,,,,,
Goltz, Paolo,Huracán,4800000,DEF,9,5,11,46,6,2,2,4,6,6,8,4,8,,,,,,,,,,
Jerez, Pablo,Huracán,3500000,DEF,5,4,80,24,4,5,3,5,,,,,7,,,,,,,,,,
Llesona, Ezequiel,Huracán,300000,DEF,0,0,00,0,,,,,,,,,,,,,,,,,,,
Maidana, Gerardo,Huracán,300000,DEF,0,0,00,0,,,,,,,,,,,,,,,,,,,
Rodríguez, Diego,Huracán,2300000,DEF,5,5,40,27,,7,,,4,2,8,,6,,,,,,,,,,
Bolatti, Mario,Huracán,12500000,VOL,7,6,43,45,7,7,,4,6,5,13,,3,,,,,,,,,,
Carrizo, Juan Carlos,Huracán,1200000,VOL,1,5,00,5,,5,,,,,,,,,,,,,,,,,
Cosentino, Mariano,Huracán,300000,VOL,0,0,00,0,,,,,,,,,,,,,,,,,,,
De Bruno, Nicolás,Huracán,1000000,VOL,3,4,67,14,4,6,4,,,,,,,,,,,,,,,,
Díaz, Leandro,Huracán,3800000,VOL,5,8,60,43,12,5,4,17,5,,,,,,,,,,,,,,
Díaz, Rodrigo,Huracán,2500000,VOL,8,6,38,51,,5,4,6,3,5,10,12,6,,,,,,,,,,
Esmerado, Gastón,Huracán,3300000,VOL,3,5,00,15,6,,4,,,,,5,,,,,,,,,,,
Hernández, Francisco,Huracán,300000,VOL,0,0,00,0,,,,,,,,,,,,,,,,,,,
Malbernat, Rodrigo,Huracán,600000,VOL,2,4,50,9,,,,,,,4,5,,,,,,,,,,,
Medina, Daniel,Huracán,400000,VOL,0,0,00,0,,,,,,,,,,,,,,,,,,,
Moreno, Marcos,Huracán,300000,VOL,0,0,00,0,,,,,,,,,,,,,,,,,,,
Sánchez, Alan,Huracán,2400000,VOL,4,4,75,19,,,,,,3,5,6,5,,,,,,,,,,
Toranzo, Patricio,Huracán,5200000,VOL,7,7,00,49,,,3,5,12,4,13,5,7,,,,,,,,,,
Trecarichi, Lucas,Huracán,1700000,VOL,5,5,60,28,,,,5,4,,5,9,5,,,,,,,,,,
Benegas, Leandro,Huracán,1000000,ZEL,2,4,00,8,,5,3,,,,,,,,,,,,,,,,
Clara, Gino,Huracán,300000,ZEL,2,3,50,7,3,,,,,4,,,,,,,,,,,,,
Laurito, Federico,Huracán,1500000,ZEL,2,4,50,9,4,,,5,,,,,,,,,,,,,,,
Nieto, Luciano,Huracán,900000,ZEL,4,5,25,21,4,,,,,,5,5,7,,,,,,,,,,
Orlando, Muriel,Huracán,300000,ZEL,3,5,00,15,,,,6,5,4,,,,,,,,,,,,,
Ortiz López, Carlos,Huracán,300000,ZEL,1,2,00,2,,,2,,,,,,,,,,,,,,,,
Trecco, Nicolás,Huracán,700000,ZEL,5,4,00,20,3,,4,5,4,4,,,,,,,,,,,,,
Gabbarini, Adrián,Independiente,600000,ARQ,5,4,80,24,,,,,4,5,5,4,6,,,,,,,,,,
Navarro, Hilario,Independiente,5300000,ARQ,4,6,00,24,4,4,11,5,,,,,,,,,,,,,,,
Rodríguez, Diego,Independiente,300000,ARQ,0,0,00,0,,,,,,,,,,,,,,,,,,,
Cáceres, Samuel,Independiente,800000,DEF,0,0,00,0,,,,,,,,,,,,,,,,,,,
Canteros, Matías,Independiente,400000,DEF,0,0,00,0,,,,,,,,,,,,,,,,,,,
Galeano, Leonel,Independiente,500000,DEF,9,5,67,51,5,4,7,3,5,6,3,4,14,,,,,,,,,,
Kruspzky, Lucas,Independiente,500000,DEF,0,0,00,0,,,,,,,,,,,,,,,,,,,
Mareque, Lucas,Independiente,3300000,DEF,9,5,22,47,3,4,8,2,7,5,5,7,6,,,,,,,,,,
Matheu, Carlos,Independiente,4000000,DEF,8,6,50,52,,2,7,5,12,4,13,6,3,,,,,,,,,,
Moreira, Ricardo,Independiente,3300000,DEF,0,0,00,0,,,,,,,,,,,,,,,,,,,
Puertas, Angel,Independiente,2500000,DEF,0,0,00,0,,,,,,,,,,,,,,,,,,,
Tuzzio, Eduardo,Independiente,4300000,DEF,1,3,00,3,3,,,,,,,,,,,,,,,,,,
Velázquez, Julián,Independiente,300000,DEF,0,0,00,0,,,,,,,,,,,,,,,,,,,
Vella, Luciano,Independiente,3800000,DEF,9,5,00,45,5,4,8,5,5,5,4,4,5,,,,,,,,,,
Acevedo, Walter,Independiente,4000000,VOL,9,7,33,66,5,6,5,3,7,7,14,7,12,,,,,,,,,,
Berriex, Mariano,Independiente,300000,VOL,0,0,00,0,,,,,,,,,,,,,,,,,,,
Busse, Walter,Independiente,4800000,VOL,8,5,13,41,4,6,3,4,7,7,5,,5,,,,,,,,,,
Echagüe, Héctor,Independiente,600000,VOL,0,0,00,0,,,,,,,,,,,,,,,,,,,
Godoy, Fernando,Independiente,1300000,VOL,5,4,00,20,4,3,4,4,,,,5,,,,,,,,,,,
Machín, Gastón,Independiente,4100000,VOL,1,5,00,5,,,,,,,,5,,,,,,,,,,,
Mancuello, Federico,Independiente,2700000,VOL,4,4,50,18,,,,,4,5,4,5,,,,,,,,,,,
Martínez, Nicolás,Independiente,500000,VOL,0,0,00,0,,,,,,,,,,,,,,,,,,,
Piatti, Ignacio,Independiente,4500000,VOL,7,6,00,42,4,3,,,7,5,5,12,6,,,,,,,,,,
Pusineri, Lucas,Independiente,3800000,VOL,1,5,00,5,,,,,,5,,,,,,,,,,,,,
Rodríguez, Patricio,Independiente,2700000,VOL,5,8,20,41,5,22,5,4,5,,,,,,,,,,,,,,
Vissio, Roberto,Independiente,500000,VOL,0,0,00,0,,,,,,,,,,,,,,,,,,,
Vittor, Sergio,Independiente,2500000,VOL,0,0,00,0,,,,,,,,,,,,,,,,,,,
Vittor, Sergio,Independiente,2500000,VOL,0,0,00,0,,,,,,,,,,,,,,,,,,,
Escalante, David,Independiente,300000,ZEL,0,0,00,0,,,,,,,,,,,,,,,,,,,
Gandín, Darío,Independiente,4300000,ZEL,9,8,33,75,5,6,8,9,6,17,5,15,4,,,,,,,,,,
Gómez, Martín,Independiente,1000000,ZEL,7,6,43,45,,,10,5,7,6,5,5,7,,,,,,,,,,
González, Federico,Independiente,800000,ZEL,0,0,00,0,,,,,,,,,,,,,,,,,,,
Mazzola, Nicolás,Independiente,900000,ZEL,0,0,00,0,,,,,,,,,,,,,,,,,,,
Núñez, Leonel,Independiente,5000000,ZEL,6,4,67,28,2,10,4,,3,,,5,4,,,,,,,,,,
Silvera, Andrés,Independiente,8200000,ZEL,8,5,75,46,5,5,,4,10,3,4,10,5,,,,,,,,,,
Andrada, Esteban,Lanús,300000,ARQ,0,0,00,0,,,,,,,,,,,,,,,,,,,
Caranta, Mauricio ,Lanús,5200000,ARQ,7,5,57,39,5,3,14,3,4,1,9,,,,,,,,,,,,
Marchesín, Agustín,Lanús,1100000,ARQ,3,5,00,15,,,,,,,7,3,5,,,,,,,,,,
Alarcón, Ariel,Lanús,300000,DEF,0,0,00,0,,,,,,,,,,,,,,,,,,,
Arce, Carlos,Lanús,1800000,DEF,1,4,00,4,,,,,4,,,,,,,,,,,,,,
Balbi, Luciano,Lanús,300000,DEF,0,0,00,0,,,,,,,,,,,,,,,,,,,
Erramuspe, Rodrigo,Lanús,400000,DEF,0,0,00,0,,,,,,,,,,,,,,,,,,,
Faccioli, Emir,Lanús,3200000,DEF,0,0,00,0,,,,,,,,,,,,,,,,,,,
Grana, Hernán,Lanús,2200000,DEF,9,6,11,55,5,5,7,4,7,3,13,4,7,,,,,,,,,,
Hoyos, Santiago,Lanús,3800000,DEF,8,6,75,54,6,2,5,2,,14,14,5,6,,,,,,,,,,
Lolli, Gastón,Lanús,300000,DEF,0,0,00,0,,,,,,,,,,,,,,,,,,,
Lugo, Maximiliano,Lanús,800000,DEF,0,0,00,0,,,,,,,,,,,,,,,,,,,
Macalik, Iván,Lanús,1000000,DEF,0,0,00,0,,,,,,,,,,,,,,,,,,,
Pérez, Leonel,Lanús,300000,DEF,0,0,00,0,,,,,,,,,,,,,,,,,,,
Quintana, Carlos,Lanús,2200000,DEF,2,8,00,16,,,,,4,,,12,,,,,,,,,,,
Velázquez, Maximiliano,Lanús,4700000,DEF,9,6,78,61,6,6,7,2,5,3,8,6,18,,,,,,,,,,
Viera, Jadson,Lanús,3300000,DEF,8,5,75,46,6,6,7,5,4,5,7,,6,,,,,,,,,,
Aguirre, Marcos,Lanús,4000000,VOL,5,4,20,21,3,,4,,4,,,5,5,,,,,,,,,,
Benítez, Marcelo,Lanús,500000,VOL,0,0,00,0,,,,,,,,,,,,,,,,,,,
Blanco, Sebastián,Lanús,11200000,VOL,8,4,13,33,5,6,4,2,3,1,,6,6,,,,,,,,,,
Carrasco, Javier,Lanús,400000,VOL,0,0,00,0,,,,,,,,,,,,,,,,,,,
Díaz Nachar, Gonzalo,Lanús,400000,VOL,0,0,00,0,,,,,,,,,,,,,,,,,,,
Fritzler, Matías,Lanús,5000000,VOL,8,5,25,42,6,6,5,4,,6,6,3,6,,,,,,,,,,
González, Diego,Lanús,3800000,VOL,1,2,00,2,,,,,2,,,,,,,,,,,,,,
Ledesma, Eduardo,Lanús,2600000,VOL,7,5,14,36,7,7,,3,5,5,4,,5,,,,,,,,,,
Pelletieri, Agustín,Lanús,5200000,VOL,9,6,22,56,10,12,5,6,6,6,4,2,5,,,,,,,,,,
Peralta, Adrián,Lanús,2500000,VOL,4,6,25,25,,,,3,,12,5,5,,,,,,,,,,,
Pizarro, Guido,Lanús,400000,VOL,0,0,00,0,,,,,,,,,,,,,,,,,,,
Salvio, Eduardo,Lanús,8400000,VOL,8,4,50,36,7,3,,2,4,5,5,4,6,,,,,,,,,,
Zaninovic, Mario,Lanús,700000,VOL,0,0,00,0,,,,,,,,,,,,,,,,,,,
Arias, Javier,Lanús,300000,ZEL,0,0,00,0,,,,,,,,,,,,,,,,,,,
Bielkiewicz, Diego,Lanús,300000,ZEL,0,0,00,0,,,,,,,,,,,,,,,,,,,
Biglieri, Santiago,Lanús,3600000,ZEL,3,5,67,17,,,6,,5,6,,,,,,,,,,,,,
Dovetta, Roberto,Lanús,1000000,ZEL,0,0,00,0,,,,,,,,,,,,,,,,,,,
Lagos, Diego,Lanús,5300000,ZEL,0,0,00,0,,,,,,,,,,,,,,,,,,,
Menéndez, Cristian,Lanús,1300000,ZEL,4,5,00,20,,,,,,6,5,4,5,,,,,,,,,,
Salcedo, Santiago,Lanús,6300000,ZEL,7,6,29,44,13,4,5,9,4,,4,5,,,,,,,,,,,
Caffa, Germán,Newell's,2800000,ARQ,1,9,00,9,9,,,,,,,,,,,,,,,,,,
Hoyos, Lucas,Newell's,300000,ARQ,0,0,00,0,,,,,,,,,,,,,,,,,,,
Peratta, Sebastián ,Newell's,4800000,ARQ,8,6,88,55,,14,3,4,10,5,9,5,5,,,,,,,,,,
Aguilar, Pablo,Newell's,2600000,DEF,4,5,25,21,8,5,6,2,,,,,,,,,,,,,,,
Chávez, Rodrigo,Newell's,400000,DEF,0,0,00,0,,,,,,,,,,,,,,,,,,,
Fideleff, Ignacio,Newell's,1700000,DEF,2,6,50,13,,,,,,,8,5,,,,,,,,,,,
Insaurralde, Juan M.,Newell's,4500000,DEF,9,10,00,90,21,14,6,5,6,5,21,6,6,,,,,,,,,,
Machuca, Alexis,Newell's,800000,DEF,6,5,50,33,7,,5,2,8,3,,,8,,,,,,,,,,
Quiroga, Juan,Newell's,3000000,DEF,4,5,00,20,5,8,3,4,,,,,,,,,,,,,,,
Roselli, Nahuel,Newell's,1400000,DEF,3,6,00,18,,,,,,,8,5,5,,,,,,,,,,
Schiavi, Rolando,Newell's,5500000,DEF,4,7,75,31,,5,,,9,2,,,15,,,,,,,,,,
Torren, Miguel,Newell's,1800000,DEF,0,0,00,0,,,,,,,,,,,,,,,,,,,
Vaca, Carlos,Newell's,600000,DEF,0,0,00,0,,,,,,,,,,,,,,,,,,,
Barrientos, Hugo,Newell's,3500000,VOL,0,0,00,0,,,,,,,,,,,,,,,,,,,
Bernardi, Lucas,Newell's,4000000,VOL,8,5,13,41,6,,6,4,7,4,6,3,5,,,,,,,,,,
Casaneve, Diego,Newell's,1900000,VOL,0,0,00,0,,,,,,,,,,,,,,,,,,,
Cascio, Alejandro,Newell's,300000,VOL,0,0,00,0,,,,,,,,,,,,,,,,,,,
Díaz, Cristian,Newell's,400000,VOL,0,0,00,0,,,,,,,,,,,,,,,,,,,
Dolci, Franco,Newell's,2000000,VOL,6,5,67,34,,5,,,7,5,6,6,5,,,,,,,,,,
Formica, Mauro,Newell's,6200000,VOL,6,6,50,39,4,5,4,5,,,,16,5,,,,,,,,,,
Mateo, Diego,Newell's,3500000,VOL,9,5,56,50,3,5,6,4,7,5,7,6,7,,,,,,,,,,
Pérez, Pablo,Newell's,1700000,VOL,0,0,00,0,,,,,,,,,,,,,,,,,,,
Quiroga, Matías,Newell's,1900000,VOL,0,0,00,0,,,,,,,,,,,,,,,,,,,
Sánchez Prette, Cristian,Newell's,4200000,VOL,8,6,13,49,5,1,4,,12,9,7,6,5,,,,,,,,,,
Seri, Martín,Newell's,1200000,VOL,0,0,00,0,,,,,,,,,,,,,,,,,,,
Sosa, Juan Manuel,Newell's,1000000,VOL,0,0,00,0,,,,,,,,,,,,,,,,,,,
Sperdutti, Mauricio,Newell's,4300000,VOL,1,4,00,4,,,,4,,,,,,,,,,,,,,,
Vangioni, Leonel,Newell's,4800000,VOL,9,6,00,54,5,3,16,5,5,5,6,4,5,,,,,,,,,,
Zanni, Hernán,Newell's,400000,VOL,0,0,00,0,,,,,,,,,,,,,,,,,,,
Achucarro, Jorge,Newell's,3900000,ZEL,7,6,71,47,4,7,,5,10,4,11,,6,,,,,,,,,,
Boghossian, Joaquín A.,Newell's,4000000,ZEL,8,6,38,51,,6,6,5,11,4,6,5,8,,,,,,,,,,
Carrasco, Mauricio,Newell's,1200000,ZEL,0,0,00,0,,,,,,,,,,,,,,,,,,,
Cobelli, Juan Manuel,Newell's,300000,ZEL,0,0,00,0,,,,,,,,,,,,,,,,,,,
Da Silva, Alejandro,Newell's,4000000,ZEL,0,0,00,0,,,,,,,,,,,,,,,,,,,
Dening, Emanuel,Newell's,400000,ZEL,1,5,00,5,,,5,,,,,,,,,,,,,,,,
Falcone, Federico,Newell's,400000,ZEL,0,0,00,0,,,,,,,,,,,,,,,,,,,
Fernández, Santiago,Newell's,500000,ZEL,0,0,00,0,,,,,,,,,,,,,,,,,,,
Núñez, Cristian,Newell's,1800000,ZEL,5,4,60,23,6,6,4,2,,,,5,,,,,,,,,,,
Torres, Diego,Newell's,3200000,ZEL,0,0,00,0,,,,,,,,,,,,,,,,,,,
De Olivera, Jorge,Racing,1500000,ARQ,7,6,43,45,,,9,10,14,4,1,4,3,,,,,,,,,,
Dobler, Mauro,Racing,500000,ARQ,0,0,00,0,,,,,,,,,,,,,,,,,,,
Martínez Gullotta, José,Racing,2000000,ARQ,0,0,00,0,,,,,,,,,,,,,,,,,,,
Santillo, Pablo ,Racing,3300000,ARQ,2,3,00,6,4,2,,,,,,,,,,,,,,,,,
Aveldaño, Lucas,Racing,4400000,DEF,9,4,89,44,5,5,8,6,8,3,4,4,1,,,,,,,,,,
Cáceres, Marcos,Racing,3500000,DEF,3,4,33,13,,,,,5,6,2,,,,,,,,,,,,
Cahais, Matías,Racing,3500000,DEF,6,4,50,27,4,4,7,3,6,,3,,,,,,,,,,,,
Lluy, Braian,Racing,1800000,DEF,9,5,22,47,6,4,11,4,8,5,5,3,1,,,,,,,,,,
Martínez, Matías,Racing,4800000,DEF,9,3,89,35,2,5,5,5,8,5,2,2,1,,,,,,,,,,
Menghi, Diego,Racing,1500000,DEF,0,0,00,0,,,,,,,,,,,,,,,,,,,
Mercado, Gabriel,Racing,2700000,DEF,8,4,38,35,5,5,7,2,7,,2,4,3,,,,,,,,,,
Puchetta, Martín,Racing,300000,DEF,0,0,00,0,,,,,,,,,,,,,,,,,,,
Sainz, Nicolás,Racing,300000,DEF,0,0,00,0,,,,,,,,,,,,,,,,,,,
Tavio, Cristian,Racing,2600000,DEF,2,4,00,8,,,,,,,,5,3,,,,,,,,,,
Brítez Ojeda, Marcos,Racing,2000000,VOL,3,4,67,14,,,6,4,,4,,,,,,,,,,,,,
Castromán, Lucas,Racing,3900000,VOL,3,3,67,11,,,,,4,2,,,5,,,,,,,,,,
Falcón, Juan Carlos,Racing,3000000,VOL,3,3,67,11,,,,,,5,3,3,,,,,,,,,,,
Fariña, Luis,Racing,300000,VOL,1,6,00,6,,,,,6,,,,,,,,,,,,,,
Fernández, José Luis,Racing,1400000,VOL,0,0,00,0,,,,,,,,,,,,,,,,,,,
Grazzini, Sebastián,Racing,3400000,VOL,7,5,29,37,5,4,,,4,2,12,5,5,,,,,,,,,,
Ledesma, Damián,Racing,3000000,VOL,7,3,86,27,4,3,4,3,2,9,2,,,,,,,,,,,,
Lucero, Adrián,Racing,3800000,VOL,9,3,56,32,2,4,4,3,4,4,3,5,3,,,,,,,,,,
Monsalvo, Pablo,Racing,2000000,VOL,0,0,00,0,,,,,,,,,,,,,,,,,,,
Pérez, Gonzalo,Racing,600000,VOL,1,4,00,4,,,,,,,,,4,,,,,,,,,,
Rosano, Sebastián,Racing,3700000,VOL,3,3,33,10,,,5,2,,,,,3,,,,,,,,,,
Wagner, Martín,Racing,3300000,VOL,0,0,00,0,,,,,,,,,,,,,,,,,,,
Yacob, Claudio,Racing,4600000,VOL,3,3,00,9,5,,,,,,,2,2,,,,,,,,,,
Caballero, Pablo,Racing,2300000,ZEL,2,6,50,13,,,,,,,,9,4,,,,,,,,,,
Lugüercio, Pablo,Racing,5000000,ZEL,8,5,25,42,5,10,5,5,4,,4,4,5,,,,,,,,,,
Ramírez, Rubén,Racing,5900000,ZEL,7,4,00,28,4,7,3,8,3,5,-2,,,,,,,,,,,,
Respuela, Juan Cruz,Racing,300000,ZEL,0,0,00,0,,,,,,,,,,,,,,,,,,,
Risso, Brian,Racing,300000,ZEL,0,0,00,0,,,,,,,,,,,,,,,,,,,
Sánchez Sotelo, Juan,Racing,1300000,ZEL,0,0,00,0,,,,,,,,,,,,,,,,,,,
Steinert, Damián,Racing,2600000,ZEL,1,5,00,5,,,,,,5,,,,,,,,,,,,,
Velázquez, Javier,Racing,900000,ZEL,3,5,00,15,,,5,5,,5,,,,,,,,,,,,,
Viola, Valentín,Racing,300000,ZEL,0,0,00,0,,,,,,,,,,,,,,,,,,,
Chichizola, Leandro,River,500000,ARQ,0,0,00,0,,,,,,,,,,,,,,,,,,,
Marinelli, Gonzalo,River,300000,ARQ,0,0,00,0,,,,,,,,,,,,,,,,,,,
Navarro, Nicolás,River,4500000,ARQ,4,2,25,9,,,,,2,3,4,0,,,,,,,,,,,
Ojeda, Juan Marcelo,River,3900000,ARQ,0,0,00,0,,,,,,,,,,,,,,,,,,,
Vega, Mario Daniel,River,4500000,ARQ,5,7,20,36,3,0,3,13,,,,,17,,,,,,,,,,
Cabral, Gustavo,River,4500000,DEF,6,5,17,31,3,14,2,8,4,,0,,,,,,,,,,,,
Cohene Mereles, Javier,River,1900000,DEF,1,4,00,4,,,,,,,4,,,,,,,,,,,,
Coronel, Maximiliano,River,500000,DEF,8,3,50,28,1,2,2,8,2,6,6,1,,,,,,,,,,,
Ferrari, Paulo,River,5600000,DEF,5,4,40,22,4,4,,,,5,,4,5,,,,,,,,,,
Orban, Lucas,River,1200000,DEF,4,4,50,18,,,,7,4,4,3,,,,,,,,,,,,
Pezzella, Germán,River,300000,DEF,0,0,00,0,,,,,,,,,,,,,,,,,,,
Quiroga, Facundo,River,4500000,DEF,0,0,00,0,,,,,,,,,,,,,,,,,,,
Sánchez, Nicolás,River,4400000,DEF,4,5,50,22,,,,,7,5,,4,6,,,,,,,,,,
Villagra, Cristian,River,4400000,DEF,6,3,33,20,2,3,4,,,,5,1,5,,,,,,,,,,
Abelairas, Matías,River,4700000,VOL,3,4,00,12,3,,,,5,,,,4,,,,,,,,,,
Affranchino, Facundo,River,700000,VOL,0,0,00,0,,,,,,,,,,,,,,,,,,,
Ahumada, Oscar,River,4200000,VOL,0,0,00,0,,,,,,,,,,,,,,,,,,,
Almeyda, Matías,River,3500000,VOL,7,5,00,35,,,3,6,2,7,5,5,7,,,,,,,,,,
Archubi, Rodrigo,River,3600000,VOL,3,4,00,12,,,,,,3,4,5,,,,,,,,,,,
Barrado, Diego,River,3800000,VOL,4,5,00,20,,5,5,5,,,,,5,,,,,,,,,,
Buonanotte, Diego,River,7900000,VOL,9,7,33,66,6,13,5,6,3,16,7,4,6,,,,,,,,,,
Díaz, Mauro,River,3200000,VOL,6,6,17,37,,5,11,6,5,,,4,6,,,,,,,,,,
Domingo, Nicolás,River,2800000,VOL,1,3,00,3,,,,,,,,,3,,,,,,,,,,
Fernandez, Augusto,River,No juega,VOL,1,6,00,6,6,,,,,,,,,,,,,,,,,,
Gallardo, Marcelo,River,10200000,VOL,4,5,25,21,3,4,,,,,,8,6,,,,,,,,,,
Galmarini, Martín,River,3800000,VOL,7,3,43,24,,,4,3,2,2,4,4,5,,,,,,,,,,
Lamela, Erik,River,600000,VOL,0,0,00,0,,,,,,,,,,,,,,,,,,,
Paniagua, Miguel,River,3600000,VOL,3,3,33,10,1,5,4,,,,,,,,,,,,,,,,
Bou, Gustavo,River,1500000,ZEL,3,4,00,12,,,,,,3,5,4,,,,,,,,,,,
Fabbiani, Cristian,River,7000000,ZEL,4,3,00,12,,,2,3,4,,,3,,,,,,,,,,,
Fernández, Gustavo,River,900000,ZEL,0,0,00,0,,,,,,,,,,,,,,,,,,,
Gil, Gustavo,River,700000,ZEL,1,6,00,6,6,,,,,,,,,,,,,,,,,,
Ortega, Ariel,River,8500000,ZEL,7,5,57,39,4,15,4,3,3,6,,,4,,,,,,,,,,
Ríos, Andrés,River,1800000,ZEL,3,4,00,12,3,5,,,,,,4,,,,,,,,,,,
Rosales, Mauro,River,4700000,ZEL,0,0,00,0,,,,,,,,,,,,,,,,,,,
Villalba, Daniel,River,800000,ZEL,5,7,60,38,,12,,5,4,11,6,,,,,,,,,,,,
Broun, Jorge ,Rosario Central,5000000,ARQ,9,6,44,58,9,4,3,11,9,6,5,5,6,,,,,,,,,,
Galíndez, Hernán,Rosario Central,1000000,ARQ,0,0,00,0,,,,,,,,,,,,,,,,,,,
García, Manuel,Rosario Central,300000,ARQ,0,0,00,0,,,,,,,,,,,,,,,,,,,
Lupardo, Facundo,Rosario Central,300000,ARQ,0,0,00,0,,,,,,,,,,,,,,,,,,,
Ambrossi, Paul,Rosario Central,2900000,DEF,1,5,00,5,,,,,,5,,,,,,,,,,,,,
Bogino, Ignacio,Rosario Central,1900000,DEF,0,0,00,0,,,,,,,,,,,,,,,,,,,
Braghieri, Diego,Rosario Central,3200000,DEF,6,5,50,33,,,6,7,8,3,6,3,,,,,,,,,,,
Burdisso, Guillermo,Rosario Central,3200000,DEF,9,7,44,67,9,6,14,9,9,5,6,3,6,,,,,,,,,,
Chitzoff, Diego,Rosario Central,3500000,DEF,9,5,44,49,7,2,6,7,7,4,4,6,6,,,,,,,,,,
Danelón, Alexis,Rosario Central,3000000,DEF,0,0,00,0,,,,,,,,,,,,,,,,,,,
Espinosa, Abel,Rosario Central,900000,DEF,0,0,00,0,,,,,,,,,,,,,,,,,,,
García, Santiago,Rosario Central,500000,DEF,0,0,00,0,,,,,,,,,,,,,,,,,,,
Godoy, Cristian,Rosario Central,300000,DEF,0,0,00,0,,,,,,,,,,,,,,,,,,,
Paz, Cristian,Rosario Central,300000,DEF,0,0,00,0,,,,,,,,,,,,,,,,,,,
Valentini, Nahuel,Rosario Central,1300000,DEF,3,6,00,18,8,5,,,,,,,5,,,,,,,,,,
Vallejo, Mario,Rosario Central,300000,DEF,0,0,00,0,,,,,,,,,,,,,,,,,,,
Delgado, Rafael,Rosario Central,300000,DEF,0,0,00,0,,,,,,,,,,,,,,,,,,,
Astudillo, Martín,Rosario Central,4000000,VOL,0,0,00,0,,,,,,,,,,,,,,,,,,,
Ballini, Matías,Rosario Central,300000,VOL,0,0,00,0,,,,,,,,,,,,,,,,,,,
Calcaterra, Ignacio,Rosario Central,400000,VOL,0,0,00,0,,,,,,,,,,,,,,,,,,,
Choy González, Gonzalo,Rosario Central,3600000,VOL,1,5,00,5,,,,,,,5,,,,,,,,,,,,
Méndez, Jesús,Rosario Central,4000000,VOL,6,7,67,46,11,11,11,,,2,,5,6,,,,,,,,,,
Moya, Lucas,Rosario Central,800000,VOL,8,5,13,41,5,5,5,7,5,,4,4,6,,,,,,,,,,
Núñez, Gervasio,Rosario Central,3000000,VOL,9,6,00,54,11,6,3,12,5,5,4,2,6,,,,,,,,,,
Ocampo, Darío,Rosario Central,3400000,VOL,1,4,00,4,,,,,,4,,,,,,,,,,,,,
Paglialunga, Mario,Rosario Central,1900000,VOL,9,5,33,48,4,5,7,7,6,6,4,5,4,,,,,,,,,,
Rivero, Martín,Rosario Central,300000,VOL,0,0,00,0,,,,,,,,,,,,,,,,,,,
Zárate, Milton,Rosario Central,300000,VOL,3,6,00,18,,,,7,6,,5,,,,,,,,,,,,
Caraglio, Milton,Rosario Central,3800000,ZEL,0,0,00,0,,,,,,,,,,,,,,,,,,,
Castillejos, Gonzalo,Rosario Central,600000,ZEL,9,5,56,50,6,5,11,5,5,5,4,5,4,,,,,,,,,,
Franzoia, Andrés,Rosario Central,4700000,ZEL,7,4,14,29,5,,0,,5,5,5,4,5,,,,,,,,,,
Gómez, Jonatan,Rosario Central,900000,ZEL,9,5,67,51,6,3,5,6,5,4,5,10,7,,,,,,,,,,
Gurrieri, Leandro,Rosario Central,700000,ZEL,0,0,00,0,,,,,,,,,,,,,,,,,,,
Serra, Emanuel,Rosario Central,300000,ZEL,0,0,00,0,,,,,,,,,,,,,,,,,,,
Zelaya, Emilio,Rosario Central,4900000,ZEL,9,6,00,54,4,10,6,10,5,4,5,4,6,,,,,,,,,,
Campagnuolo, Gustavo,San Lorenzo,2500000,ARQ,0,0,00,0,,,,,,,,,,,,,,,,,,,
Centeno, Bruno,San Lorenzo,700000,ARQ,0,0,00,0,,,,,,,,,,,,,,,,,,,
Champagne, Nereo,San Lorenzo,1500000,ARQ,0,0,00,0,,,,,,,,,,,,,,,,,,,
Migliore, Pablo ,San Lorenzo,6500000,ARQ,9,5,78,52,7,5,4,9,9,-2,2,9,9,,,,,,,,,,
Orion, Agustín,San Lorenzo,5600000,ARQ,0,0,00,0,,,,,,,,,,,,,,,,,,,
Aguirre, Gastón,San Lorenzo,4600000,DEF,8,6,25,50,5,5,5,8,8,,4,7,8,,,,,,,,,,
Bianchi Arce, Nicolás,San Lorenzo,3000000,DEF,1,2,00,2,2,,,,,,,,,,,,,,,,,,
Bottinelli, Jonathan,San Lorenzo,5000000,DEF,7,6,43,45,,6,4,7,7,,5,8,8,,,,,,,,,,
Cadelgado, Juan Martín,San Lorenzo,500000,DEF,0,0,00,0,,,,,,,,,,,,,,,,,,,
Civelli, Renato,San Lorenzo,3700000,DEF,3,7,33,22,,,,,,6,,8,8,,,,,,,,,,
Martínez, Damián,San Lorenzo,800000,DEF,1,3,00,3,,,,,,3,,,,,,,,,,,,,
Meza, Fernando,San Lorenzo,1000000,DEF,1,7,00,7,,,,,,7,,,,,,,,,,,,,
Palomino, José Luis,San Lorenzo,300000,DEF,1,6,00,6,,,,,,6,,,,,,,,,,,,,
Pintos, Pablo,San Lorenzo,3300000,DEF,8,7,38,59,20,5,4,6,7,,2,7,8,,,,,,,,,,
Torres, Aureliano,San Lorenzo,4500000,DEF,5,4,40,22,5,6,,7,1,,3,,,,,,,,,,,,
Voboril, Germán,San Lorenzo,2800000,DEF,0,0,00,0,,,,,,,,,,,,,,,,,,,
Bazán, Gonzalo,San Lorenzo,400000,VOL,2,6,50,13,,,,,6,7,,,,,,,,,,,,,
De Vico, Nahuel,San Lorenzo,400000,VOL,0,0,00,0,,,,,,,,,,,,,,,,,,,
Gómez, Alejandro,San Lorenzo,7300000,VOL,7,7,29,51,5,10,5,5,4,,,11,11,,,,,,,,,,
González, Cristian,San Lorenzo,5000000,VOL,5,4,80,24,,5,3,,,,6,5,5,,,,,,,,,,
González, Sebastián,San Lorenzo,800000,VOL,2,4,50,9,,,,5,,,4,,,,,,,,,,,,
Juárez, Axel,San Lorenzo,900000,VOL,5,4,60,23,6,5,4,3,,5,,,,,,,,,,,,,
Leiva, Cristian,San Lorenzo,4200000,VOL,5,5,60,28,7,6,,,5,6,,4,,,,,,,,,,,
Luna, Sebastián,San Lorenzo,1800000,VOL,2,4,00,8,,,3,,,5,,,,,,,,,,,,,
Prim, Santiago,San Lorenzo,300000,VOL,1,6,00,6,,,,,,6,,,,,,,,,,,,,
Reynoso, Salvador,San Lorenzo,800000,VOL,1,6,00,6,,,,,,6,,,,,,,,,,,,,
Rinaldi, Leonel,San Lorenzo,500000,VOL,0,0,00,0,,,,,,,,,,,,,,,,,,,
Rivero, Diego,San Lorenzo,4300000,VOL,8,6,50,52,3,5,4,4,7,,6,16,7,,,,,,,,,,
Romagnoli, Leandro,San Lorenzo,8000000,VOL,4,9,75,39,,,17,3,5,,14,,,,,,,,,,,,
Torres, Juan Manuel,San Lorenzo,5100000,VOL,7,4,57,32,4,,3,5,5,,4,5,6,,,,,,,,,,
Bordagaray, Fabián,San Lorenzo,2500000,ZEL,4,6,00,24,,5,,,4,11,4,,,,,,,,,,,,
Cvitanich, Darío,San Lorenzo,6500000,ZEL,0,0,00,0,,,,,,,,,,,,,,,,,,,
Menseguez, Juan Carlos,San Lorenzo,3500000,ZEL,9,7,33,66,10,4,7,4,5,20,4,6,6,,,,,,,,,,
Orode, Félix,San Lorenzo,1400000,ZEL,0,0,00,0,,,,,,,,,,,,,,,,,,,
Romeo, Bernardo,San Lorenzo,4000000,ZEL,6,6,50,39,,7,5,4,,,8,4,11,,,,,,,,,,
Rovira, Gonzalo,San Lorenzo,400000,ZEL,2,4,50,9,,,,,,,5,4,,,,,,,,,,,
Abud, Lucas,Tigre,300000,ARQ,0,0,00,0,,,,,,,,,,,,,,,,,,,
Ardente, Luis,Tigre,1300000,ARQ,4,4,25,17,,,,3,4,7,3,,,,,,,,,,,,
Islas, Daniel ,Tigre,5500000,ARQ,5,3,20,16,5,3,-1,,,,,4,5,,,,,,,,,,
Arruabarrena, Rodolfo,Tigre,4300000,DEF,9,5,78,52,5,5,5,2,3,4,5,19,4,,,,,,,,,,
Castria, Hernán,Tigre,300000,DEF,0,0,00,0,,,,,,,,,,,,,,,,,,,
Cincotta, Emiliano,Tigre,400000,DEF,0,0,00,0,,,,,,,,,,,,,,,,,,,
Fondacaro, Carlos,Tigre,1400000,DEF,1,4,00,4,,,,,,,,4,,,,,,,,,,,
Garat, Juan Pablo,Tigre,1900000,DEF,1,5,00,5,,,,,,,,,5,,,,,,,,,,
Leyes, Damián,Tigre,2600000,DEF,4,5,00,20,,5,0,,5,10,,,,,,,,,,,,,
Manzur, Julio,Tigre,4200000,DEF,6,5,00,30,6,6,5,3,,,5,5,,,,,,,,,,,
Oliva, Maximiliano,Tigre,1000000,DEF,6,3,50,21,,,,4,2,3,5,3,4,,,,,,,,,,
Paparatto, Norberto,Tigre,3700000,DEF,2,6,00,12,7,5,,,,,,,,,,,,,,,,,
San Román, José Ignacio,Tigre,2500000,DEF,9,3,56,32,6,3,2,2,2,4,3,6,4,,,,,,,,,,
Abregú, Gregorio,Tigre,600000,VOL,0,0,00,0,,,,,,,,,,,,,,,,,,,
Blanco, Jonathan,Tigre,2500000,VOL,6,4,50,27,,,2,,4,6,5,4,6,,,,,,,,,,
Blanco, Milton,Tigre,300000,VOL,0,0,00,0,,,,,,,,,,,,,,,,,,,
Botta, Rubén,Tigre,600000,VOL,0,0,00,0,,,,,,,,,,,,,,,,,,,
Castaño, Diego,Tigre,4500000,VOL,6,5,17,31,6,4,5,5,5,,,,6,,,,,,,,,,
Ferreyra, Diego,Tigre,700000,VOL,0,0,00,0,,,,,,,,,,,,,,,,,,,
Giménez, Matías,Tigre,4800000,VOL,9,5,33,48,5,6,4,12,2,5,3,6,5,,,,,,,,,,
Leone, Ramiro,Tigre,2800000,VOL,4,4,25,17,,,,6,4,,1,6,,,,,,,,,,,
Maldonado, Juan Miguel,Tigre,300000,VOL,0,0,00,0,,,,,,,,,,,,,,,,,,,
Montiel, José,Tigre,4000000,VOL,3,5,00,15,,5,,,6,4,,,,,,,,,,,,,
Morel, Martín,Tigre,7000000,VOL,7,4,86,34,6,7,4,5,,,3,5,4,,,,,,,,,,
Oviedo, Lucas,Tigre,3000000,VOL,8,4,63,37,6,5,2,6,5,5,6,,2,,,,,,,,,,
Pasini, Mariano,Tigre,1600000,VOL,2,4,00,8,,,,,,,3,5,,,,,,,,,,,
Pieters, Fabio,Tigre,2500000,VOL,0,0,00,0,,,,,,,,,,,,,,,,,,,
Sánchez, Walter,Tigre,300000,VOL,0,0,00,0,,,,,,,,,,,,,,,,,,,
Aguilar, Julio,Tigre,3300000,ZEL,0,0,00,0,,,,,,,,,,,,,,,,,,,
Attadia, Jeremías Pablo,Tigre,300000,ZEL,0,0,00,0,,,,,,,,,,,,,,,,,,,
Bardaro, Cristian,Tigre,2700000,ZEL,0,0,00,0,,,,,,,,,,,,,,,,,,,
Lazzaro, Leandro,Tigre,5200000,ZEL,9,7,00,63,20,4,9,2,5,7,4,6,6,,,,,,,,,,
Luna, Carlos,Tigre,7000000,ZEL,8,6,13,49,5,5,-1,,4,4,10,11,11,,,,,,,,,,
Pumpido, Facundo,Tigre,400000,ZEL,0,0,00,0,,,,,,,,,,,,,,,,,,,
Suárez, Guillermo,Tigre,3100000,ZEL,5,5,00,25,5,,4,5,,5,,6,,,,,,,,,,,
Barovero, Marcelo,Vélez,3500000,ARQ,0,0,00,0,,,,,,,,,,,,,,,,,,,
Cacace, Ezequiel,Vélez,600000,ARQ,0,0,00,0,,,,,,,,,,,,,,,,,,,
Montoya, Germán ,Vélez,6500000,ARQ,9,7,11,64,8,5,9,9,10,9,1,9,4,,,,,,,,,,
Bittolo, Mariano,Vélez,500000,DEF,0,0,00,0,,,,,,,,,,,,,,,,,,,
Díaz, Gastón,Vélez,3400000,DEF,7,5,86,41,6,5,7,,5,,6,7,5,,,,,,,,,,
Domínguez, Sebastián,Vélez,5800000,DEF,6,5,83,35,6,5,,9,4,5,6,,,,,,,,,,,,
Lima, Pablo,Vélez,4000000,DEF,2,6,00,12,,,7,,,,,,5,,,,,,,,,,
Otamendi, Nicolás,Vélez,6100000,DEF,6,8,00,48,6,13,,13,5,8,3,,,,,,,,,,,,
Papa, Emiliano,Vélez,5400000,DEF,7,6,71,47,8,6,,8,2,9,6,8,,,,,,,,,,,
Ponce, Waldo,Vélez,4600000,DEF,3,5,00,15,7,,6,2,,,,,,,,,,,,,,,
Tobio, Fernando,Vélez,2000000,DEF,3,7,00,21,,,7,,,,,9,5,,,,,,,,,,
Torsiglieri, Marco,Vélez,1800000,DEF,3,6,00,18,,,7,,,,,7,4,,,,,,,,,,
Alvarez, Ricardo,Vélez,600000,VOL,0,0,00,0,,,,,,,,,,,,,,,,,,,
Bella, Iván,Vélez,1900000,VOL,0,0,00,0,,,,,,,,,,,,,,,,,,,
Cabral, Alejandro,Vélez,2500000,VOL,2,5,50,11,,,,,,5,,,6,,,,,,,,,,
Cabrera, Nicolás,Vélez,3900000,VOL,2,4,00,8,,,,,,,3,5,,,,,,,,,,,
Cigno, Luciano,Vélez,400000,VOL,0,0,00,0,,,,,,,,,,,,,,,,,,,
Coronel, Leandro,Vélez,2600000,VOL,3,5,00,15,,5,,5,5,,,,,,,,,,,,,,
Cubero, Fabián,Vélez,4900000,VOL,4,4,00,16,,7,3,,3,,,,3,,,,,,,,,,
Despósito, Pablo,Vélez,900000,VOL,0,0,00,0,,,,,,,,,,,,,,,,,,,
Moralez, Maximiliano,Vélez,9200000,VOL,8,8,25,66,,17,16,6,6,4,5,9,3,,,,,,,,,,
Razzotti, Franco,Vélez,4000000,VOL,4,5,75,23,5,,,,,5,6,7,,,,,,,,,,,
Robles, Javier,Vélez,1700000,VOL,0,0,00,0,,,,,,,,,,,,,,,,,,,
Somoza, Leandro,Vélez,5000000,VOL,8,6,13,49,9,5,4,7,2,6,5,,11,,,,,,,,,,
Velázquez, Leandro,Vélez,3500000,VOL,0,0,00,0,,,,,,,,,,,,,,,,,,,
Zapata, Víctor,Vélez,6700000,VOL,9,5,00,45,6,6,6,4,3,6,5,4,5,,,,,,,,,,
Caruso, Leandro,Vélez,5700000,ZEL,3,8,00,24,,,,,,5,14,5,,,,,,,,,,,
Cristaldo, Jonathan,Vélez,4700000,ZEL,8,8,13,65,10,,5,5,10,20,5,7,3,,,,,,,,,,
Guzmán, Andrés,Vélez,900000,ZEL,0,0,00,0,,,,,,,,,,,,,,,,,,,
López, Hernán,Vélez,8600000,ZEL,8,5,63,45,4,11,,4,10,4,4,4,4,,,,,,,,,,
Martínez, Juan M.,Vélez,4000000,ZEL,4,4,75,19,3,5,7,4,,,,,,,,,,,,,,,
Piris, Leonardo,Vélez,400000,ZEL,0,0,00,0,,,,,,,,,,,,,,,,,,,
Timpanaro, Maximiliano,Vélez,700000,ZEL,0,0,00,0,,,,,,,,,,,,,,,,,,,
Zárate, Rolando,Vélez,4000000,ZEL,2,5,50,11,6,,5,,,,,,,,,,,,,,,,
